M,B,mean_runtime_sec,mean_abs_err_height_m,mean_abs_err_length_m,mean_abs_err_width_m
64,100,0.0405,0.0025,0.0068,0.00575
64,200,0.0407,0.0015,0.00105,0.00158
64,400,0.0399,0.00317,0.00505,0.00958
256,100,0.0512,0.00162,0.00057,0.00125
256,200,0.0558,0.0015,0.00117,0.00082
256,400,0.0529,0.0018,0.00868,0.00638
1024,100,0.096,0.00115,0.0036,0.00275
1024,200,0.0979,0.00093,0.00275,0.00248
1024,400,0.1032,0.00105,0.00405,0.00422
